{
  "train_loss": [
    3.838016,
    3.140585,
    2.868614,
    2.190595,
    1.85097,
    1.69848,
    1.599097,
    1.521446,
    1.461054,
    1.411121,
    1.373234,
    1.340397,
    1.306746,
    1.278525,
    1.25771,
    1.236215,
    1.216756,
    1.19572,
    1.183247,
    1.169702,
    1.154547,
    1.139169,
    1.134755,
    1.124628,
    1.116338,
    1.110112,
    1.104188,
    1.102756,
    1.094919,
    1.090656,
    1.093817,
    1.087773,
    1.085887,
    1.089098,
    1.089154
  ],
  "val_loss": [
    3.160334,
    2.655615,
    2.415773,
    1.639135,
    1.492856,
    1.410612,
    1.354319,
    1.316873,
    1.29084,
    1.272643,
    1.247465,
    1.234799,
    1.22234,
    1.21233,
    1.204649,
    1.2002,
    1.191499,
    1.188023,
    1.18197,
    1.176497,
    1.177777,
    1.172141,
    1.172551,
    1.170661,
    1.168297,
    1.168301,
    1.164482,
    1.164903,
    1.164117,
    1.162274,
    1.163988,
    1.162216,
    1.159995,
    1.161915,
    1.164553
  ],
  "train_acc": [
    26.228362,
    39.93304,
    44.300142,
    59.796545,
    70.127481,
    74.761318,
    77.590552,
    79.902872,
    81.64309,
    83.278453,
    84.24054,
    85.072019,
    86.243814,
    87.023785,
    87.597726,
    88.269164,
    88.907489,
    89.538456,
    89.807031,
    90.410405,
    90.820625,
    91.203252,
    91.366973,
    91.858134,
    91.924358,
    92.299627,
    92.308824,
    92.362171,
    92.78159,
    92.783429,
    92.792627,
    93.004176,
    93.035448,
    92.886444,
    92.989459
  ],
  "val_acc": [
    46.338742,
    55.112027,
    59.241137,
    77.19976,
    81.517727,
    83.784016,
    84.91716,
    86.093227,
    86.179071,
    86.573955,
    87.380891,
    87.561164,
    87.724268,
    88.067645,
    88.033308,
    88.256503,
    88.144905,
    88.333763,
    88.471113,
    88.642802,
    88.453945,
    88.728646,
    88.642802,
    88.7544,
    88.917504,
    88.67714,
    88.831659,
    88.539789,
    88.720062,
    88.977595,
    88.59988,
    88.805906,
    88.805906,
    88.762984,
    88.797322
  ]
}